http://faculty.washington.edu/monikaso/a.html,http://faculty.washington.edu/monikaso/e.html,http://faculty.washington.edu/monikaso/f.html,http://faculty.washington.edu/monikaso/d.html,
http://faculty.washington.edu/monikaso/e.html,http://faculty.washington.edu/monikaso/k.html,http://faculty.washington.edu/monikaso/l.html,
http://faculty.washington.edu/monikaso/k.html,
http://faculty.washington.edu/monikaso/l.html,
http://faculty.washington.edu/monikaso/f.html,http://faculty.washington.edu/monikaso/a.html,
http://faculty.washington.edu/monikaso/d.html,
http://faculty.washington.edu/monikaso/b.html,http://faculty.washington.edu/monikaso/h.html,http://faculty.washington.edu/monikaso/f.html,http://faculty.washington.edu/monikaso/a.html,http://faculty.washington.edu/monikaso/g.html,http://faculty.washington.edu/monikaso/i.html,http://faculty.washington.edu/monikaso/j.html,
http://faculty.washington.edu/monikaso/h.html,
http://faculty.washington.edu/monikaso/f.html,http://faculty.washington.edu/monikaso/a.html,
http://faculty.washington.edu/monikaso/a.html,http://faculty.washington.edu/monikaso/e.html,http://faculty.washington.edu/monikaso/f.html,http://faculty.washington.edu/monikaso/d.html,
http://faculty.washington.edu/monikaso/e.html,http://faculty.washington.edu/monikaso/k.html,http://faculty.washington.edu/monikaso/l.html,
http://faculty.washington.edu/monikaso/k.html,
http://faculty.washington.edu/monikaso/l.html,
http://faculty.washington.edu/monikaso/d.html,
http://faculty.washington.edu/monikaso/g.html,http://faculty.washington.edu/monikaso/m.html,http://faculty.washington.edu/monikaso/f.html,
http://faculty.washington.edu/monikaso/m.html,
http://faculty.washington.edu/monikaso/i.html,http://faculty.washington.edu/monikaso/n.html,
http://faculty.washington.edu/monikaso/n.html,
http://faculty.washington.edu/monikaso/j.html,http://faculty.washington.edu/monikaso/c.html,
http://faculty.washington.edu/monikaso/c.html,
http://faculty.washington.edu/monikaso/c.html,
